com.whatsapp,com.facebook.orca
com.whatsapp,com.viber.voip
com.whatsapp,jp.naver.line.android
com.whatsapp,com.imo.android.imoim
com.whatsapp,com.tencent.mm
com.pl.premierleague,com.mobilefootie.wc2010
com.pl.premierleague,de.motain.iliga
com.pl.premierleague,holoduke.soccer_gen
com.pl.premierleague,es.lfp.gi.main
com.pl.premierleague,com.resultadosfutbol.mobile
com.facebook.orca,jp.naver.line.android
com.facebook.orca,com.viber.voip
com.facebook.orca,com.imo.android.imoim
com.facebook.orca,com.tencent.mm
com.facebook.orca,com.kakao.talk
uk.co.tsb.newmobilebank,uk.co.tsb.mobilebank
uk.co.tsb.newmobilebank,com.bbva.compassBuzz
uk.co.tsb.newmobilebank,com.grppl.android.shell.halifax
uk.co.tsb.newmobilebank,com.grppl.android.shell.CMBlloydsTSB73
uk.co.tsb.newmobilebank,fi.nordea.mobilebank
com.snapchat.android,me.msqrd.android
com.snapchat.android,com.instagram.android
com.snapchat.android,com.fotoable.faceswap.c403
com.snapchat.android,com.bitstrips.imoji
com.snapchat.android,com.fotoable.snapfilters
com.instagram.android,com.snapchat.android
com.instagram.android,com.facebook.katana
com.instagram.android,com.tumblr
com.instagram.android,com.twitter.android
com.instagram.android,com.pinterest
com.ksmobile.launcher,com.cma.launcher.lite
com.ksmobile.launcher,com.tsf.shell
com.ksmobile.launcher,is.shortcut
com.ksmobile.launcher,home.solo.launcher.free
com.ksmobile.launcher,com.zeroteam.zerolauncher
com.wordgame.words.connect,com.bitmango.go.wordcookies
com.wordgame.words.connect,com.peoplefun.wordcross
com.wordgame.words.connect,com.bitmango.wordscrush
com.wordgame.words.connect,se.maginteractive.wordbrain
com.wordgame.words.connect,com.words.game.wordcandy
com.spotify.music,deezer.android.app
com.spotify.music,com.soundcloud.android
com.spotify.music,com.audiomack
com.spotify.music,com.plus.music.playrv1
com.spotify.music,com.hypermedia.songflip
com.facebook.katana,com.instagram.android
com.facebook.katana,com.snapchat.android
com.facebook.katana,com.twitter.android
com.facebook.katana,com.tencent.mm
com.facebook.katana,com.skype.raider
com.bentostudio.ballsvsblocks,com.snakegame.freesnakegames
com.bentostudio.ballsvsblocks,com.dsd164.snake97
com.bentostudio.ballsvsblocks,com.ljx.balls.vs.blocks
com.bentostudio.ballsvsblocks,com.chikchokgames.snakevsblock
com.bentostudio.ballsvsblocks,es.Topscore.SnakeII
com.contextlogic.wish,com.ebay.mobile
com.contextlogic.wish,com.alibaba.aliexpresshd
com.contextlogic.wish,com.contextlogic.geek
com.contextlogic.wish,com.amazon.mShop.android.shopping
com.contextlogic.wish,ru.chinaprices
com.netflix.mediaclient,com.tubitv
com.netflix.mediaclient,com.dailymotion.dailymotion
com.netflix.mediaclient,com.justwatch.justwatch
com.netflix.mediaclient,com.bianor.amspremium
com.netflix.mediaclient,com.douglas.upflix
com.bitstrips.imoji,com.miantan.myoface
com.bitstrips.imoji,com.emoji.coolkeyboard
com.bitstrips.imoji,com.qisiemoji.inputmethod
com.bitstrips.imoji,com.wavemining.emoji.elite
com.bitstrips.imoji,com.emoji.android.emojidiy
com.yoc.dreamteam,com.homemade.ffm2
com.yoc.dreamteam,com.nfl.fantasy.core.android
com.yoc.dreamteam,com.fantasyiteam.goalus
com.yoc.dreamteam,com.skybet.skysportsfantasyfootball
com.yoc.dreamteam,com.yahoo.mobile.client.android.fantasyfootball
com.tencent.warwings2,com.EvilChaotic.ModernWarplanes
com.tencent.warwings2,com.bog.callofmodernwar
com.tencent.warwings2,com.bog.aircraftcombat
com.tencent.warwings2,com.bog.warplane
com.tencent.warwings2,com.testdemo.testMiniRacing3D
com.ubercab,com.ubercab.driver
com.ubercab,com.olacabs.customer
com.ubercab,com.ubercab.fleet
com.ubercab,br.com.easytaxi
com.ubercab,osacky.ridemeter
com.joom,com.contextlogic.wish
com.joom,com.ebay.mobile
com.joom,ru.chinaprices
com.joom,com.alibaba.aliexpresshd
com.joom,com.globalegrow.app.gearbest
com.bitmango.go.wordcookies,com.lulo.scrabble.classicwords
com.bitmango.go.wordcookies,se.maginteractive.wordbrain
com.bitmango.go.wordcookies,com.bitmango.wordscrush
com.bitmango.go.wordcookies,com.wordgame.words.connect
com.bitmango.go.wordcookies,com.word.wordbakery
com.pinterest,com.tumblr
com.pinterest,com.instagram.android
com.pinterest,com.snapchat.android
com.pinterest,com.weheartit
com.pinterest,com.facebook.katana
com.amazon.mShop.android.shopping,com.ebay.mobile
com.amazon.mShop.android.shopping,com.contextlogic.wish
com.amazon.mShop.android.shopping,com.alibaba.aliexpresshd
com.amazon.mShop.android.shopping,com.banggood.client
com.amazon.mShop.android.shopping,com.flipkart.android
com.ebay.mobile,com.contextlogic.wish
com.ebay.mobile,com.amazon.mShop.android.shopping
com.ebay.mobile,com.alibaba.aliexpresshd
com.ebay.mobile,com.snapdeal.main
com.ebay.mobile,com.abtnprojects.ambatana
com.shpock.android,com.abtnprojects.ambatana
com.shpock.android,com.ebay.mobile
com.shpock.android,com.depop
com.shpock.android,com.contextlogic.wish
com.shpock.android,com.contextlogic.wishlocal
air.uk.co.bbc.android.mediaplayer,uk.co.bbc.iplayer.kids
air.uk.co.bbc.android.mediaplayer,bbc.iplayer.android
air.uk.co.bbc.android.mediaplayer,uk.co.bbc.android.iplayerradio
air.uk.co.bbc.android.mediaplayer,air.ITVMobilePlayer
air.uk.co.bbc.android.mediaplayer,com.channel4.ondemand
com.kooapps.pictowordandroid,de.lotum.whatsinthefoto.us
com.kooapps.pictowordandroid,com.rlg.guesstheemoji
com.kooapps.pictowordandroid,com.blueboat.justtwopics
com.kooapps.pictowordandroid,ou.gamevn.picstowords
com.kooapps.pictowordandroid,com.blueriver.picwords2
com.microsoft.office.outlook,me.bluemail.mail
com.microsoft.office.outlook,com.my.mail
com.microsoft.office.outlook,org.kman.AquaMail
com.microsoft.office.outlook,com.easilydo.mail
com.microsoft.office.outlook,com.fsck.k9
com.bskyb.skyservice,com.bskyb.android.skyplus
com.bskyb.skyservice,com.bskyb.skygo
com.bskyb.skyservice,com.bskyb.nowtv.beta
com.bskyb.skyservice,com.bskyb.skyq
com.bskyb.skyservice,bbc.iplayer.android
com.skybet.super6,com.bskyb.sportnews
com.skybet.super6,com.bskyb.fbscore
com.skybet.super6,com.bskyb.skynews.android
com.skybet.super6,com.pl.premierleague
com.skybet.super6,uk.co.bbc.android.sportdomestic
com.wordgame.words.cross,com.words.game.wordcrossy
com.wordgame.words.cross,com.wordgame.words.connect
com.wordgame.words.cross,com.peoplefun.wordcross
com.wordgame.words.cross,com.bitmango.go.wordcookies
com.wordgame.words.cross,com.bitmango.go.wordcookies
com.epicactiononline.ffxv.ane,com.pocketgems.android.dragon
com.epicactiononline.ffxv.ane,com.supercell.clashofclans
com.epicactiononline.ffxv.ane,com.gameloft.android.ANMP.GloftGHHM
com.epicactiononline.ffxv.ane,com.longtech.lastwars.gp
com.epicactiononline.ffxv.ane,com.empire.grow.rome
com.skybet.app.skybet,com.ladbrokes.android.thegrid.store
com.skybet.app.skybet,com.skybet.super6
com.skybet.app.skybet,com.horseracesnow.android
com.skybet.app.skybet,com.bet365.news
com.skybet.app.skybet,us.vipbettingtips.soccer
com.peoplefun.wordcross,com.bitmango.go.wordcookies
com.peoplefun.wordcross,com.wordgame.words.connect
com.peoplefun.wordcross,se.maginteractive.wordbrain
com.peoplefun.wordcross,mobi.redstonegames.crossword.en
com.peoplefun.wordcross,com.bitmango.wordscrush
com.roblox.client,com.buildingcraftinggames.crafting.and.building.princess.girls.craft.exploration.adventure.minecraft.roblox.my.little.pony.sims
com.roblox.client,com.rtsoft.growtopia
com.roblox.client,com.multiverse.kogama
com.roblox.client,com.tinydragonadventuregames.candy.girls.craft.princess.minecraft.barbie.creative.exploration.lite.build.fashion.pony.fun.sweet
com.roblox.client,com.buildingcraftinggames.girls.crafting.building.exploration.lite.party.free.game.mine.craft.boyfriend.cube.blocky.pop.star
com.nexonm.tfa,com.lightarc.castle
com.nexonm.tfa,com.gameloft.android.ANMP.GloftGHHM
com.nexonm.tfa,com.kixeye.wcm
com.nexonm.tfa,com.joycrafter.worldwarfare.gp
com.nexonm.tfa,com.easytech.wc3
com.kiloo.subwaysurf,com.halfbrick.jetpackjoyride
com.kiloo.subwaysurf,com.miniclip.railrush
com.kiloo.subwaysurf,com.fullfat.android.agentdash
com.kiloo.subwaysurf,com.sega.sonicdash
com.kiloo.subwaysurf,com.rovio.angrybirds
com.google.android.play.games,com.supercell.clashroyale
com.google.android.play.games,com.supercell.clashofclans
com.google.android.play.games,com.scee.psxandroid
com.google.android.play.games,com.microsoft.xboxone.smartglass
com.google.android.play.games,com.playstation.mobilecommunity
com.skybet.skysportsfantasyfootball,com.yoc.dreamteam
com.skybet.skysportsfantasyfootball,com.homemade.ffm2
com.skybet.skysportsfantasyfootball,com.fantasyiteam.goalus
com.skybet.skysportsfantasyfootball,com.espn.fantasy.lm.football
com.skybet.skysportsfantasyfootball,com.fantasyiteam.fitepl1213.activity
bbc.iplayer.android,uk.co.bbc.iplayer.kids
bbc.iplayer.android,air.uk.co.bbc.android.mediaplayer
bbc.iplayer.android,com.netflix.mediaclient
bbc.iplayer.android,uk.co.bbc.android.iplayerradio
bbc.iplayer.android,air.ITVMobilePlayer
com.groupon,com.amazon.mShop.android.shopping
com.groupon,com.ebates
com.groupon,com.anmedia.wowcher.ui
com.groupon,com.etsy.android
com.groupon,com.ebay.mobile
com.apple.android.music,com.spotify.music
com.apple.android.music,deezer.android.app
com.apple.android.music,com.soundcloud.android
com.apple.android.music,com.amazon.mp3
com.apple.android.music,com.shazam.android
com.ketchapp.spacefrontier,com.ketchapp.hop
com.ketchapp.spacefrontier,com.ketchapp.rider
com.ketchapp.spacefrontier,com.ketchapp.catchup
com.ketchapp.spacefrontier,com.ketchapp.riskyroad
com.ketchapp.spacefrontier,com.mamau.breakit
com.miniclip.eightballpool,com.xs.pooltd
com.miniclip.eightballpool,com.giraffegames.ggpool
com.miniclip.eightballpool,com.geewa.PLTMobile
com.miniclip.eightballpool,com.gamedesire.snookerlivepro
com.miniclip.eightballpool,com.forthblue.pool
com.nintendo.zara,at.nerbrothers.SuperJump
com.nintendo.zara,com.noodlecake.altosadventure
com.nintendo.zara,at.ner.lepsWorld3Plus
com.nintendo.zara,air.jp.globalgear.kikai
com.nintendo.zara,super.smash.world.bros
com.google.android.apps.walletnfcrel,com.cardsapp.android
com.google.android.apps.walletnfcrel,ru.mw
com.google.android.apps.walletnfcrel,com.paypal.android.p2pmobile
com.google.android.apps.walletnfcrel,de.stocard.stocard
com.google.android.apps.walletnfcrel,com.droid4you.application.wallet
deezer.android.app,com.anghami
deezer.android.app,com.spotify.music
deezer.android.app,com.soundcloud.android
deezer.android.app,com.audiomack
deezer.android.app,com.jiubang.go.music
com.twitter.android,com.facebook.katana
com.twitter.android,com.instagram.android
com.twitter.android,com.snapchat.android
com.twitter.android,com.tumblr
com.twitter.android,com.skype.raider
com.pic.photoeditor,com.pixlr.express
com.pic.photoeditor,com.cyberlink.photodirector
com.pic.photoeditor,com.magicv.airbrush
com.pic.photoeditor,com.iudesk.android.photo.editor
com.pic.photoeditor,com.picsart.studio
com.cmplay.tiles2,com.umonistudio.tile
com.cmplay.tiles2,com.brighthouse.whitetiles4And
com.cmplay.tiles2,com.blacktile.piano.tiles.two
com.cmplay.tiles2,com.brighthouse.BlackTilesC
com.cmplay.tiles2,com.piano.music_tiles
com.gumtree.android,com.gumtree.android.beta
com.gumtree.android,com.shpock.android
com.gumtree.android,com.ebay.mobile
com.gumtree.android,com.depop
com.gumtree.android,com.codified.hipyard
air.com.hypah.io.slither,com.miniclip.diep.io
air.com.hypah.io.slither,com.wepie.snakeoff
air.com.hypah.io.slither,com.miniclip.agar.io
air.com.hypah.io.slither,com.cmcm.arrowio
air.com.hypah.io.slither,air.com.cutplay.slither.snake.io
com.booking,com.expedia.bookings
com.booking,com.hcom.android
com.booking,com.tripadvisor.tripadvisor
com.booking,com.airbnb.android
com.booking,com.trivago
com.justeat.app.uk,com.mrd.food
com.justeat.app.uk,com.hungryhouse
com.justeat.app.uk,com.deliveroo.orderapp
com.justeat.app.uk,com.ubercab.eats
com.justeat.app.uk,au.com.eatnow.android
com.waze,net.osmand
com.waze,com.here.app.maps
com.waze,com.tomtom.gplay.navapp
com.waze,com.sygic.aura
com.waze,com.mapfactor.navigator
com.bskyb.skygo,com.bt.btsport
com.bskyb.skygo,com.bskyb.nowtv.beta
com.bskyb.skygo,com.bskyb.skyq
com.bskyb.skygo,com.bskyb.skyservice
com.bskyb.skygo,com.bskyb.fbscore
com.playdemic.golf.android,com.dmw.MiniGolf2
com.playdemic.golf.android,com.wgt.android.golf
com.playdemic.golf.android,com.MobileSportsTime.MiniGolfEldoradoGolfCourse
com.playdemic.golf.android,com.com2us.golfstarworldtour.normal.freefull.google.global.android.common
com.playdemic.golf.android,com.ea.game.pgatourgolf15_row
com.dotc.ime.latin.flash,com.qisiemoji.inputmethod
com.dotc.ime.latin.flash,com.touchtype.swiftkey
com.dotc.ime.latin.flash,com.cootek.smartinputv5
com.dotc.ime.latin.flash,com.dotc.ime.latin.lite
com.dotc.ime.latin.flash,com.syntellia.fleksy.keyboard
com.bigduckgames.flowwarps,com.meegastudio.meenight
com.bigduckgames.flowwarps,com.eyefilter.nightmode.bluelightfilter
com.bigduckgames.flowwarps,com.urbandroid.lux
com.bigduckgames.flowwarps,com.mlhg.screenfilter
com.bigduckgames.flowwarps,com.evezzon.nightowl
com.williamhill.sports.android,com.ppsports.bcalculator
com.williamhill.sports.android,de.wp.bfeb17.app
com.williamhill.sports.android,com.skybet.super6
com.williamhill.sports.android,com.ladbrokes.android.thegrid.store
com.williamhill.sports.android,com.bet365.news
com.soundcloud.android,com.spotify.music
com.soundcloud.android,deezer.android.app
com.soundcloud.android,com.audiomack
com.soundcloud.android,com.musixmatch.android.lyrify
com.soundcloud.android,com.shazam.android
com.ketchapp.rider,com.ketchapp.donttouchthespikes
com.ketchapp.rider,com.ketchapp.stack
com.ketchapp.rider,com.ketchapp.zigzaggame
com.ketchapp.rider,com.ketchapp.catchup
com.ketchapp.rider,com.ketchapp.stickhero
com.bt.btsport,air.ITVMobilePlayer
com.bt.btsport,com.livelike.vr.bt.cardboard
com.bt.btsport,bbc.iplayer.android
com.bt.btsport,uk.co.bbc.android.sportdomestic
com.bt.btsport,com.bt.tve.otg
com.photo.editor.cartoon,com.lyrebirdstudio.montagenscolagem
com.photo.editor.cartoon,com.fotoable.makeup
com.photo.editor.cartoon,com.pic.photoeditor
com.photo.editor.cartoon,com.jb.zcamera
com.photo.editor.cartoon,com.fotoable.fotobeauty
net.zedge.android,jp.united.app.cocoppa
net.zedge.android,com.apalon.ringtones
net.zedge.android,com.herman.ringtone
net.zedge.android,com.google.android.apps.wallpaper
net.zedge.android,com.apalon.wallpapers
com.sec.android.easyMover,com.samsung.smartviewad
com.sec.android.easyMover,com.rsupport.rs.activity.rsupport.aas2
com.sec.android.easyMover,com.mediamushroom.copymydata
com.sec.android.easyMover,com.sec.android.app.sbrowser
com.sec.android.easyMover,com.samsung.smarthome
com.freetvprolive.tmobdro.tutor.reference,com.mobillle.assistir
com.freetvprolive.tmobdro.tutor.reference,com.tubitv
com.freetvprolive.tmobdro.tutor.reference,tv.pluto.android
com.freetvprolive.tmobdro.tutor.reference,tv.livesporthd.yallahshoot.biensport
com.freetvprolive.tmobdro.tutor.reference,com.footballtvlivestream.sportstvchannels
com.google.android.apps.translate,com.naver.labs.translator
com.google.android.apps.translate,com.axis.mobile.chapters.trans
com.google.android.apps.translate,com.nyxcore.genlang
com.google.android.apps.translate,com.ticktalk.translatevoice
com.google.android.apps.translate,ingles.espanol
com.lionmobi.powerclean,com.apps.go.clean.boost.master
com.lionmobi.powerclean,com.cleanmaster.mguard
com.lionmobi.powerclean,com.gto.zero.zboost
com.lionmobi.powerclean,com.hyperspeed.rocketclean
com.lionmobi.powerclean,com.duapps.cleaner
com.tinder,com.hotornot.app
com.tinder,com.bumble.app
com.tinder,com.once.android
com.tinder,com.okcupid.okcupid
com.tinder,com.zoosk.zoosk
com.kongregate.mobile.adventurecapitalist.google,com.gamehivecorp.tapmoney
com.kongregate.mobile.adventurecapitalist.google,com.gamehivecorp.tapmoney
com.kongregate.mobile.adventurecapitalist.google,com.gamecircus.tycoon
com.kongregate.mobile.adventurecapitalist.google,com.fluffyfairygames.idleminertycoon
com.kongregate.mobile.adventurecapitalist.google,com.SpaceInch.LoveOfMoney
bbc.mobile.weather,com.apalon.weatherlive.free
bbc.mobile.weather,com.accuweather.android
bbc.mobile.weather,com.yahoo.mobile.client.android.weather
bbc.mobile.weather,com.weather.Weather
bbc.mobile.weather,com.aws.android
com.pixelberrystudios.choices,com.bluebelllush.android_roadtriplove
com.pixelberrystudios.choices,org.nanobit.mystory
com.pixelberrystudios.choices,com.Teen.Love.Story.Game
com.pixelberrystudios.choices,com.ubisoft.colparis
com.pixelberrystudios.choices,com.Vampire.Love.Story.Teen.Game.Romance
com.photo.collage.editor.pro,picture.edit.photo.gallery
com.photo.collage.editor.pro,image.photoedit.photogallery
com.photo.collage.editor.pro,com.commsource.beautyplus
com.photo.collage.editor.pro,com.vicman.photolabpro
com.photo.collage.editor.pro,com.kvadgroup.photostudio_pro
com.nianticlabs.pokemongo,com.pokemon.camppokemon
com.nianticlabs.pokemongo,jp.pokemon.poketoru
com.nianticlabs.pokemongo,jp.pokemon.koiking
com.nianticlabs.pokemongo,com.pokemon.pokemontcg
com.nianticlabs.pokemongo,jp.pokemon.pokemoncomaster
com.bskyb.fbscore,de.motain.iliga
com.bskyb.fbscore,com.bskyb.sportnews
com.bskyb.fbscore,com.espn.score_center
com.bskyb.fbscore,com.mobilefootie.wc2010
com.bskyb.fbscore,com.adam.bein.sport.live.stream
com.shazam.android,com.melodis.midomiMusicIdentifier.freemium
com.shazam.android,com.soundcloud.android
com.shazam.android,com.sonyericsson.trackid
com.shazam.android,com.musixmatch.android.lyrify
com.shazam.android,com.spotify.music
com.thetrainline,com.mxdata.tube.Market
com.thetrainline,uk.co.nationalrail.google
com.thetrainline,com.virgintrains
com.thetrainline,com.capitainetrain.android
com.thetrainline,com.utrack.nationalexpress
com.king.candycrushsaga,com.tm.candy.star
com.king.candycrushsaga,com.king.candycrushsodasaga
com.king.candycrushsaga,com.king.petrescuesaga
com.king.candycrushsaga,com.king.farmheroessaga
com.king.candycrushsaga,cookie.pop.match3
com.paypal.android.p2pmobile,asia.coins.mobile
com.paypal.android.p2pmobile,ru.mw
com.paypal.android.p2pmobile,com.google.android.apps.walletnfcrel
com.paypal.android.p2pmobile,org.fopaweb.btcgrind
com.paypal.android.p2pmobile,piuk.blockchain.android
zombie.survival.craft.z,com.generamobile.zhunter.gp
zombie.survival.craft.z,com.gamespire.deadplague
zombie.survival.craft.z,com.lemonpuppy.deadtown
zombie.survival.craft.z,com.fruitsbird.zombie
zombie.survival.craft.z,com.cyclopsgames.experimentz
com.youmusic.magictiles,king.com.piano.gold.tiles
com.youmusic.magictiles,piano.tiles.valentine.white.tile
com.youmusic.magictiles,com.amanotes.classicalpiano
com.youmusic.magictiles,king.com.piano.pink.tile
com.youmusic.magictiles,com.piano.music_tiles
com.bskyb.sportnews,com.bskyb.fbscore
com.bskyb.sportnews,com.livescore
com.bskyb.sportnews,com.pl.premierleague
com.bskyb.sportnews,tv.liverpoolfc
com.bskyb.sportnews,com.mobilefootie.wc2010
com.ketchapp.thefloorislava,com.feavygames.game101box
com.ketchapp.thefloorislava,com.DearViking.Enerjelly
com.ketchapp.thefloorislava,com.ketchapp.hop
com.ketchapp.thefloorislava,com.icarus.floorlava
com.ketchapp.thefloorislava,com.thefloor.islava
tech.space.aircraft.thema,com.zachapps.fidgetspinners.password
tech.space.aircraft.thema,cm.technology.next.live.wallpaper
tech.space.aircraft.thema,theme.ice.wolf.game.thrones
tech.space.aircraft.thema,com.zachapps.fidgetspinners.passcode
tech.space.aircraft.thema,pink.butterfly.rose.fower.launcher
com.fortafygames.colorswitch,com.fdgentertainment.bananakong
com.fortafygames.colorswitch,com.karimoosteam.colorsinfinity
com.fortafygames.colorswitch,com.maatto.rush
com.fortafygames.colorswitch,com.imangi.templerun2
com.fortafygames.colorswitch,com.highlogix.temple.gold.run
com.bskyb.nowtv.beta,com.disney.disneylife_goo
com.bskyb.nowtv.beta,com.bskyb.skygo
com.bskyb.nowtv.beta,com.netflix.mediaclient
com.bskyb.nowtv.beta,bbc.iplayer.android
com.bskyb.nowtv.beta,uk.co.bbc.iplayer.kids
com.namcobandaigames.pacmantournaments,com.bandainamcoent.google.pacpop
com.namcobandaigames.pacmantournaments,eu.bandainamcoent.pacman256
com.namcobandaigames.pacmantournaments,com.os.best.free.legend.pacman
com.namcobandaigames.pacmantournaments,namco.pacman.cedemo
com.namcobandaigames.pacmantournaments,com.NamcoNetworks.MsPacManDemo
com.sega.sonic1px,com.devos.runsonic
com.sega.sonic1px,com.sega.sonicboomandroid
com.sega.sonic1px,com.sega.sonicjumpfever
com.sega.sonic1px,com.sega.sonicdash
com.sega.sonic1px,com.bihidev.sonicpyramid
fr.two4tea.fightlist,com.scimob.ninetyfour.percent
fr.two4tea.fightlist,com.ninetyfour.seconds.app
fr.two4tea.fightlist,com.quizup.core
fr.two4tea.fightlist,com.etermax.preguntados.lite
fr.two4tea.fightlist,com.etermax.kingdoms
com.wordgame.words.connect,com.bitmango.go.wordcookies
com.wordgame.words.connect,com.bitmango.wordscrush
com.wordgame.words.connect,se.maginteractive.wordbrain
com.wordgame.words.connect,se.maginteractive.wordbrain2
com.wordgame.words.connect,com.wordgame.words.cross
com.bentostudio.ballsvsblocks,com.snakegame.freesnakegames
com.bentostudio.ballsvsblocks,com.ljx.balls.vs.blocks
com.bentostudio.ballsvsblocks,com.chikchokgames.snakevsblock
com.bentostudio.ballsvsblocks,com.nobisgames.ball.vs.block
com.bentostudio.ballsvsblocks,jt.slither.blocks
com.yoc.dreamteam,com.homemade.ffm2
com.yoc.dreamteam,com.espn.fantasy.lm.football
com.yoc.dreamteam,com.yahoo.mobile.client.android.fantasyfootball
com.yoc.dreamteam,com.pl.premierleague
com.yoc.dreamteam,com.espn.fantasy.lm.football
com.tencent.warwings2,com.EvilChaotic.ModernWarplanes
com.tencent.warwings2,com.bog.callofmodernwar
com.tencent.warwings2,com.volvapps.ef3.x.admob
com.tencent.warwings2,com.bog.aircraftcombat
com.tencent.warwings2,com.bog.aircraftcombat
com.bitmango.go.wordcookies,se.maginteractive.wordbrain
com.bitmango.go.wordcookies,se.maginteractive.wordbrain
com.bitmango.go.wordcookies,se.maginteractive.wordbrain2
com.bitmango.go.wordcookies,com.wordgame.words.cross
com.bitmango.go.wordcookies,com.wordgame.words.connect
com.kooapps.pictowordandroid,com.blueboat.justtwopics
com.kooapps.pictowordandroid,de.lotum.whatsinthefoto.us
com.kooapps.pictowordandroid,com.rlg.guesstheemoji
com.kooapps.pictowordandroid,guess.emojiquiz.game
com.kooapps.pictowordandroid,com.crazy.letter.wordsearch
com.wordgame.words.cross,com.bitmango.go.wordcookies
com.wordgame.words.cross,com.bitmango.wordscrush
com.wordgame.words.cross,se.maginteractive.wordbrain
com.wordgame.words.cross,se.maginteractive.wordbrain2
com.wordgame.words.cross,com.wordgame.words.connect
com.epicactiononline.ffxv.ane,com.supercell.clashofclans
com.epicactiononline.ffxv.ane,com.hcg.cok.gp
com.epicactiononline.ffxv.ane,com.progrestar.bft
com.epicactiononline.ffxv.ane,com.square_enix.android_googleplay.FFBEWW
com.epicactiononline.ffxv.ane,com.square_enix.android_googleplay.mobiusff_ne
com.peoplefun.wordcross,mobi.redstonegames.crossword.en
com.peoplefun.wordcross,com.uk.best.cross.word.game
com.peoplefun.wordcross,com.appynation.wbcw
com.peoplefun.wordcross,com.fanatee.cody
com.peoplefun.wordcross,com.the.best.android.crosswords.ever
com.roblox.client,com.buildingcraftinggames.crafting.and.building.princess.girls.craft.exploration.adventure.minecraft.roblox.my.little.pony.sims
com.roblox.client,com.multiverse.kogama
com.roblox.client,com.indig0.freeroamcity
com.roblox.client,com.pixel.gun3d
com.roblox.client,block.app.wars
com.nexonm.tfa,com.lightarc.castle
com.nexonm.tfa,com.kixeye.wcm
com.nexonm.tfa,com.dasuppa.metro2033wars
com.nexonm.tfa,com.gameloft.android.ANMP.GloftGHHM
com.nexonm.tfa,org.imperiaonline.android.v6
com.kiloo.subwaysurf,com.fullfat.android.agentdash
com.kiloo.subwaysurf,com.sega.sonicboomandroid&
com.kiloo.subwaysurf,com.miniclip.railrush
com.kiloo.subwaysurf,com.sega.sonicdash
com.kiloo.subwaysurf,com.droidoo.Subway.Surf.Runner
com.kiloo.subwaysurf,com.rioo.runnersubway
com.skybet.skysportsfantasyfootball,com.yoc.dreamteam
com.skybet.skysportsfantasyfootball,com.yahoo.mobile.client.android.fantasyfootball
com.skybet.skysportsfantasyfootball,com.fivemobile.thescore
com.skybet.skysportsfantasyfootball,com.mobilefootie.wc2010
com.skybet.skysportsfantasyfootball,com.fantasyiteam.goalus
com.ketchapp.spacefrontier,com.pamigia68.SpaceFrontier
com.ketchapp.spacefrontier,com.mamau.breakit
com.ketchapp.spacefrontier,u.appscraft.rocket
com.ketchapp.spacefrontier,com.lifesimgames.sovietspacerocket
com.rovio.baba,com.rovio.angrybirdsstarwarsii.ads
com.rovio.baba,com.rovio.ABstellapop
com.rovio.baba,com.gameloft.android.ANMP.GloftDMHM
com.rovio.baba,com.ea.game.pvz2_row
com.rovio.baba,com.ea.game.pvz2_row
com.rovio.ABstellapop,com.rovio.baba
com.rovio.ABstellapop,com.rovio.angrybirdsstarwarsii.ads
com.rovio.ABstellapop,bubbleshooter.orig
com.rovio.ABstellapop,com.bubbleshooter.match.witch.pet.shoot
com.rovio.ABstellapop,com.linkdesks.iBubble
com.gameloft.android.ANMP.GloftDMHM,me.pou.app
com.gameloft.android.ANMP.GloftDMHM,com.outfit7.mytalkingtomfree
com.gameloft.android.ANMP.GloftDMHM,com.outfit7.mytalkingangelafree
com.gameloft.android.ANMP.GloftDMHM,com.king.candycrushsaga
com.gameloft.android.ANMP.GloftDMHM,com.zynga.looney
com.google.android.apps.photos,com.lyrebirdstudio.montagenscolagem
com.google.android.apps.photos,com.cam001.selfie
com.google.android.apps.photos,com.roidapp.photogrid
com.google.android.apps.photos,com.linecorp.b612.android
com.google.android.apps.photos,com.picsart.studio
com.miniclip.bowmasters,air.com.hypah.io.slither
com.miniclip.bowmasters,com.nekki.shadowfight
com.miniclip.bowmasters,com.pixel.gun3d
com.miniclip.bowmasters,com.imangi.templerun2
com.miniclip.bowmasters,com.cmcm.arrowio
com.words.game.wordcandy,com.bitmango.go.wordcookies
com.words.game.wordcandy,com.bitmango.wordscrush
com.words.game.wordcandy,de.lotum.whatsinthefoto.us
com.words.game.wordcandy,com.kooapps.pictowordandroid
com.words.game.wordcandy,se.maginteractive.wordbrain
com.episodeinteractive.android.catalog,com.pixelberrystudios.choices
com.episodeinteractive.android.catalog,com.Teen.Love.Story.Game
com.episodeinteractive.android.catalog,com.Vampire.Love.Story.Teen.Game.Romance
com.episodeinteractive.android.catalog,org.nanobit.mystory
com.episodeinteractive.android.catalog,com.ubisoft.colparis
com.surpax.ledflashlight.panel,pl.nenter.app.flashlightgalaxys
com.surpax.ledflashlight.panel,pl.nenter.app.flashlight
com.surpax.ledflashlight.panel,com.peacock.flashlight
com.surpax.ledflashlight.panel,com.happyhollow.flash.torchlight
com.surpax.ledflashlight.panel,com.devuni.flashlight
com.bitmango.rolltheballunrollme,com.zeptolab.ctr.ads
com.bitmango.rolltheballunrollme,com.bitmango.go.blockhexapuzzle
com.bitmango.rolltheballunrollme,com.appgame7.jigsaw.free
com.bitmango.rolltheballunrollme,com.bigduckgames.flow
com.bitmango.rolltheballunrollme,com.disney.WMWLite
io.faceapp,com.fotoable.faceswap.c403
io.faceapp,com.nzafar.ageface
io.faceapp,com.wombatica.facewarp
io.faceapp,com.hyperbooth.facecam2
io.faceapp,com.application.animefacechanger
com.boombitgames.DrivingSchoolParking,com.ovilex.drivingschool2016
com.boombitgames.DrivingSchoolParking,com.ansangha.drdriving
com.boombitgames.DrivingSchoolParking,com.ovilex.schooldriving3d
com.boombitgames.DrivingSchoolParking,com.avecreation.drivingzonerussia
com.boombitgames.DrivingSchoolParking,com.filaret.gotocardriving
io.voodoo.paperio,com.mochibits.hexario.google
io.voodoo.paperio,com.bentostudio.ballsvsblocks
io.voodoo.paperio,com.igenesoft.hide
io.voodoo.paperio,com.robtopx.geometryjumplite
io.voodoo.paperio,com.halfbrick.fruitninjafree
com.playrix.gardenscapes,com.playrix.township
com.playrix.gardenscapes,com.supercell.hayday
com.playrix.gardenscapes,air.com.winkypinky.gardendecoration
com.playrix.gardenscapes,com.ids.little.farm.time.fun
com.playrix.gardenscapes,com.foranj.farmtown
uk.co.theofficialnationallotteryapp.android.lite,oops.lottomachine2
uk.co.theofficialnationallotteryapp.android.lite,it.AntonelloAlonzi.estrazionilotto
uk.co.theofficialnationallotteryapp.android.lite,com.chandima.lklottery
uk.co.theofficialnationallotteryapp.android.lite,com.weejim.app.uklottery
uk.co.theofficialnationallotteryapp.android.lite,net.my4d.uk_lottery
sk.forbis.messenger,com.facebook.orca
sk.forbis.messenger,com.whatsapp
sk.forbis.messenger,com.rain.liteforfacebook2017
sk.forbis.messenger,com.bsb.hike
sk.forbis.messenger,com.viber.voip
com.bet365Wrapper.Bet365_Application,com.betrates
com.bet365Wrapper.Bet365_Application,com.bf.vtqckpuyuddjdmb_a
com.bet365Wrapper.Bet365_Application,net.feelgoodapps.betpredictor
com.bet365Wrapper.Bet365_Application,com.gluak.f24
com.bet365Wrapper.Bet365_Application,com.bf.vtqckpuyuddjdmb_a
com.kathleenOswald.solitaireGooglePlay,com.lemongame.klondike.solitaire
com.kathleenOswald.solitaireGooglePlay,com.mobilityware.solitaire
com.kathleenOswald.solitaireGooglePlay,com.spacegame.solitaire.basic
com.kathleenOswald.solitaireGooglePlay,com.seaworldgame.klondike.solitaire
com.kathleenOswald.solitaireGooglePlay,com.queensgame.solitaire
com.yahoo.mobile.client.android.mail,com.google.android.gm
com.yahoo.mobile.client.android.mail,com.appple.app.email
com.yahoo.mobile.client.android.mail,ru.mail.mailapp
com.yahoo.mobile.client.android.mail,com.mail.emails
com.yahoo.mobile.client.android.mail,com.my.mail
com.yahoo.mobile.client.android.mail,park.outlook.sign.in.client
com.perblue.portalquest,com.shinybox.smash
com.perblue.portalquest,com.bigfishgames.dungeonbossf2pgoogle
com.perblue.portalquest,com.com2us.smon.normal.freefull.google.kr.android.common
com.perblue.portalquest,com.moonton.magicrush
com.perblue.portalquest,com.koplagames.kopla01
com.topfreegames.bikeracefreeworld,com.skgames.trafficrider
com.topfreegames.bikeracefreeworld,com.wordmobiles.bikeRacing
com.topfreegames.bikeracefreeworld,com.wordsmobile.RealBikeRacing
com.topfreegames.bikeracefreeworld,com.fingersoft.hillclimb
com.topfreegames.bikeracefreeworld,com.droidhen.game.racingmoto
com.adobe.reader,com.ascal.pdfreader.pdfviewer
com.adobe.reader,com.pdffilereader
com.adobe.reader,com.google.android.apps.pdfviewer
com.adobe.reader,com.google.android.apps.docs.editors.docs
com.adobe.reader,com.xodo.pdf.reader
com.KiStudio.onlineGuideformobdro,net.guidemobdro.tv.online.free
com.moonactive.coinmaster,com.jellybtn.cashkingmobile
com.moonactive.coinmaster,com.supercell.hayday
com.moonactive.coinmaster,com.rafotech.piggyboom
com.moonactive.coinmaster,com.tp.android.emergencysurgery
com.moonactive.coinmaster,air.com.winkypinky.gardendecoration
com.rbs.mobile.android.natwest,com.google.android.apps.walletnfcrel
com.rbs.mobile.android.natwest,com.paypal.android.p2pmobile
com.rbs.mobile.android.natwest,com.barclays.android.barclaysmobilebanking
com.rbs.mobile.android.natwest,com.grppl.android.shell.halifax
com.rbs.mobile.android.natwest,com.htsu.hsbcpersonalbanking
com.hutchison3g.planet3,com.hutchison3g.wuntu
com.hutchison3g.planet3,com.BBsRs.HSPAP.Tweaker
com.hutchison3g.planet3,uk.co.o2.android.myo2
com.hutchison3g.planet3,uk.co.ee.myee
com.hutchison3g.planet3,com.dzid.threecallcosts
com.fuseboxgames.catchphrase,com.scopely.wheeloffortune
com.fuseboxgames.catchphrase,com.androidmate.catchphrase
com.fuseboxgames.catchphrase,com.kooapps.pictowordandroid
com.fuseboxgames.catchphrase,de.lotum.whatsinthefoto.us
com.fuseboxgames.catchphrase,com.bitmango.go.wordcookies
com.supercell.clashroyale,com.supercell.clashofclans
com.supercell.clashroyale,com.supercell.boombeach
com.supercell.clashroyale,com.batblocks.coubtower
com.supercell.clashroyale,com.ea.game.pvzfree_row
com.supercell.clashroyale,air.BattleofZombies
com.ryanair.cheapflights,net.skyscanner.android.main
com.ryanair.cheapflights,com.mttnow.droid.easyjet
com.ryanair.cheapflights,com.kayak.android
com.ryanair.cheapflights,com.booking
com.ryanair.cheapflights,com.expedia.bookings
com.ryanair.cheapflights,com.airbnb.android
ru.crazybit.experiment,com.king.paradisebay
ru.crazybit.experiment,com.kiwi.skullislandexplorers
ru.crazybit.experiment,com.foranj.farmparadise
ru.crazybit.experiment,com.laflammestudios.island.android
ru.crazybit.experiment,com.kidsfunstudio.crazy.scientist.lab
com.google.android.apps.chromecast.app,com.google.android.googlequicksearchbox
com.google.android.apps.chromecast.app,com.google.android.launcher
com.google.android.apps.chromecast.app,com.google.android.inputmethod.latin
com.google.android.apps.chromecast.app,com.google.android.webview
com.google.android.apps.chromecast.app,com.google.android.apps.translate
com.skype.raider,com.whatsapp
com.skype.raider,com.facebook.orca
com.skype.raider,com.viber.voip
com.skype.raider,com.imo.android.imoim
com.skype.raider,jp.naver.line.android
id=com.pof.android,com.badoo.mobile
id=com.pof.android,com.myyearbook.m
id=com.pof.android,com.jaumo
id=com.pof.android,net.lovoo.android
id=com.pof.android,com.skout.android
com.pnixgames.bowlingking,com.concretesoftware.pbachallenge_androidmarket
com.pnixgames.bowlingking,com.driftwood.galaxybowl.free
com.pnixgames.bowlingking,com.threed.bowling
com.pnixgames.bowlingking,id=com.miniclip.eightballpool
com.pnixgames.bowlingking,com.touchmechanics.strike
com.imangi.templerun2,com.nintendo.zara
com.imangi.templerun3,com.fortafygames.colorswitch
com.imangi.templerun4,com.playappking.busrush
com.imangi.templerun5,com.highlogix.temple.gold.run
com.imangi.templerun6,com.spades.temple.surf
com.halfbrick.fruitninjafree,com.kiloo.subwaysurf
com.halfbrick.fruitninjafree,com.imangi.templerun
com.halfbrick.fruitninjafree,net.mobigame.zombietsunami
com.halfbrick.fruitninjafree,com.halfbrick.jetpackjoyride
com.halfbrick.fruitninjafree,com.natenai.glowhockey
com.jiubang.go.music,com.music.hero.music.player.mp3.free
com.jiubang.go.music,com.google.android.music
com.jiubang.go.music,com.musicplayer.music
com.jiubang.go.music,com.zentertain.freemusic
com.jiubang.go.music,com.spotify.music
com.barclays.android.barclaysmobilebanking,com.barclays.bca
com.barclays.android.barclaysmobilebanking,com.barclays.android.launchpad
com.barclays.android.barclaysmobilebanking,com.barclays.apps.pingit
com.barclays.android.barclaysmobilebanking,com.barclays.live
com.barclays.android.barclaysmobilebanking,com.barclays.ke.mobile.android.ui
jp.pokemon.pokemoncomaster,com.turbochilli.rollingsky
jp.pokemon.pokemoncomaster,uk.co.aifactory.chessfree
jp.pokemon.pokemoncomaster,com.ludo.king
jp.pokemon.pokemoncomaster,com.mobirix.SnakeGame
jp.pokemon.pokemoncomaster,de.smuttlewerk.fleetbattle
com.leftover.CoinDozer,com.gamecircus.CoinDozerJackpot
com.leftover.CoinDozer,com.gamecircus.CoinDozerSeasons
com.leftover.CoinDozer,com.teenpatti.hd.gold
com.leftover.CoinDozer,com.mss.casino.dozer.coin.pusher.google
com.leftover.CoinDozer,com.gamecircus.CoinDozerWorld
com.hutchison3g.wuntu,com.hutchison3g.planet3
com.hutchison3g.wuntu,com.altermyth.bima.tablet
com.hutchison3g.wuntu,barshociaj.ThreeBalance
com.hutchison3g.wuntu,de.android.telnet
com.hutchison3g.wuntu,com.asurion.android.three.rescue
com.musicstreaming.freemusic,com.zentertain.freemusic
com.musicstreaming.freemusic,com.spotify.music
com.musicstreaming.freemusic,com.music.hero.music.player.mp3.free
com.musicstreaming.freemusic,com.soundcloud.android
com.musicstreaming.freemusic,com.audiomack
com.google.earth,com.google.android.street
com.google.earth,com.google.android.apps.maps
com.google.earth,com.appsclub.route.offline.navigation.localstreet.finder.satellite.free
com.google.earth,livestreet.mapview.map
com.google.earth,com.MapsFree
com.google.earth,com.avenueinfotech.location
com.google.earth,com.fundoapps.gpsmappaid
com.google.earth,net.India.imapcity
com.google.earth,com.gameszone.gps.map.satellite.free
air.ITVMobilePlayer,bbc.iplayer.android
air.ITVMobilePlayer,com.channel4.ondemand
air.ITVMobilePlayer,com.netflix.mediaclient
air.ITVMobilePlayer,com.itv.itvessentials
air.ITVMobilePlayer,com.bskyb.skygo
air.ITVMobilePlayer,com.roku.remote
air.ITVMobilePlayer,com.pokemontv
com.planetart.fpuk,com.planetart.wrendauk
com.planetart.fpuk,com.snapfish.mobile
com.planetart.fpuk,com.photo.fly.app
com.planetart.fpuk,com.invaderscorp.polagram
com.planetart.fpuk,com.photobox.android
com.planetart.fpuk,com.kodakalaris.kodakmomentsapp
com.planetart.fpuk,com.pnimedia.android.photo.tesuk
com.badoo.mobile,com.jaumo
com.badoo.mobile,com.myyearbook.m
com.badoo.mobile,net.lovoo.android
com.badoo.mobile,com.skout.android
com.badoo.mobile,ru.mamba.client
com.badoo.mobile,com.waplogmatch.social
com.popreach.dumbways,air.au.com.metro.DumbWaysToDie2
com.popreach.dumbways,com.dumbwaystodiegame
com.popreach.dumbways,com.hassanali.HalloweenSeriesDumbDeaths
com.popreach.dumbways,com.lcmobileapp.dumbdeaths
com.popreach.dumbways,com.hassanhamid.SeriesOfDumbDeaths
org.videolan.vlc,com.mxtech.videoplayer.ad
org.videolan.vlc,video.player.videoplayer
org.videolan.vlc,com.mxtech.videoplayer.pro
org.videolan.vlc,org.videolan.vlc.betav7neon
org.videolan.vlc,com.media.musicplayer.videoplayer
org.videolan.vlc,com.insaapps.FullHDVideoPlayer
com.robtopx.geometryjumplite,com.robtopx.geometrydashworld
com.robtopx.geometryjumplite,com.robtopx.geometryjump
com.robtopx.geometryjumplite,com.robtopx.geometrydashmeltdown
com.robtopx.geometryjumplite,com.sega.sonicdash
com.robtopx.geometryjumplite,com.secondarm.taptapdash
com.grppl.android.shell.halifax,com.barclays.android.barclaysmobilebanking
com.grppl.android.shell.halifax,com.paypal.android.p2pmobile
com.grppl.android.shell.halifax,uk.gov.hmrc.ptcalc
com.grppl.android.shell.halifax,com.google.android.apps.walletnfcrel
com.grppl.android.shell.halifax,com.grppl.android.shell.CMBlloydsTSB73
com.onehundredpics.onehundredpicsquiz,lemmingsatwork.quiz
com.onehundredpics.onehundredpicsquiz,com.msi.logogame
com.onehundredpics.onehundredpicsquiz,foodquiz.guessthefood
com.onehundredpics.onehundredpicsquiz,com.etermax.preguntados.lite
com.onehundredpics.onehundredpicsquiz,com.works.timeglass.logoquiz
com.grppl.android.shell.CMBlloydsTSB73,com.barclays.android.barclaysmobilebanking
com.grppl.android.shell.CMBlloydsTSB74,com.paypal.android.p2pmobile
com.grppl.android.shell.CMBlloydsTSB75,com.lloydsbank.businessmobile
com.grppl.android.shell.CMBlloydsTSB76,com.grppl.android.shell.halifax
com.grppl.android.shell.CMBlloydsTSB77,com.google.android.apps.walletnfcrel
com.generagames.shrek,com.disney.beautyandthebeast_goo
com.generagames.shrek,com.gamma.sugarsweet
com.generagames.shrek,com.disney.thoughtbubbles_goo
com.generagames.shrek,air.com.generamobile.flowfarm
com.generagames.shrek,com.disney.WMPLite
com.outfit7.mytalkingtomfree,com.outfit7.mytalkingangelafree
com.outfit7.mytalkingtomfree,com.outfit7.mytalkinghank
com.outfit7.mytalkingtomfree,com.outfit7.tomsjetski
com.outfit7.mytalkingtomfree,com.outfit7.tomsbubbles
com.outfit7.mytalkingtomfree,com.lily2.tallking.game
com.instagram.layout,com.instagram.boomerang
com.instagram.layout,com.detectunfollowers
com.instagram.layout,com.zenjoy.quick.collage
com.instagram.layout,com.roidapp.photogrid
com.instagram.layout,com.cardinalblue.piccollage.google
bbc.mobile.news.uk,com.cnn.mobile.android.phone
bbc.mobile.news.uk,com.bskyb.skynews.android
bbc.mobile.news.uk,com.guardian
bbc.mobile.news.uk,com.google.android.apps.genie.geniewidget
bbc.mobile.news.uk,com.foxnews.android
bbc.mobile.news.uk,com.thomsonreuters.reuters
bbc.mobile.news.uk,com.zumobi.msnbc
com.supercell.clashofclans,com.supercell.clashroyale
com.supercell.clashofclans,com.supercell.boombeach
com.supercell.clashofclans,com.igg.android.lordsmobile
com.supercell.clashofclans,com.tfgco.games.strategy.free.castlecrush
com.supercell.clashofclans,com.hcg.cok.gp
com.supercell.clashofclans,com.gameloft.android.ANMP.GloftKIHM
com.randomlogicgames.wordsearch,com.crazy.letter.wordsearch
com.randomlogicgames.wordsearch,com.best.wordsearch.free
com.randomlogicgames.wordsearch,com.melimots.WordSearch
com.randomlogicgames.wordsearch,com.rjs.wordsearchgame
com.randomlogicgames.wordsearch,com.wordloco.wordchallenge
com.google.android.apps.youtube.kids,com.bskyb.skykids
com.google.android.apps.youtube.kids,com.plotkids.monicatv
com.google.android.apps.youtube.kids,com.disneydigitalbooks.PalacePets_goo
com.google.android.apps.youtube.kids,disneydigitalbooks.princesscharmed_goo
com.google.android.apps.youtube.kids,com.movile.playkids
com.ovilex.drivingschool2017,com.ovilex.drivingschool2016
com.ovilex.drivingschool2017,com.ovilex.schooldriving3d
com.ovilex.drivingschool2017,com.mgs.drivingschool
com.ovilex.drivingschool2017,com.ovilex.realdriving3d
com.ovilex.drivingschool2017,com.games2win.drivingacademy
com.amazon.kindle,wp.wattpad
com.amazon.kindle,com.google.android.apps.books
com.amazon.kindle,com.audible.application
com.amazon.kindle,com.prestigio.ereader
com.amazon.kindle,com.oodles.download.free.ebooks.reader
com.fitbit.FitbitMobile,com.google.android.apps.fitness
com.fitbit.FitbitMobile,com.sec.android.app.shealth
com.fitbit.FitbitMobile,com.mapmywalk.android2
com.fitbit.FitbitMobile,com.sonymobile.lifelog
com.fitbit.FitbitMobile,com.huawei.health
com.instagram.boomerang,com.linecorp.b612.android
com.instagram.boomerang,com.aspiration.loopvid
com.instagram.boomerang,com.campmobile.snow
com.instagram.boomerang,com.cam001.selfie
com.instagram.boomerang,com.joeware.android.gpulumera
com.fingersoft.hcr2,com.fingersoft.hillclimb
com.fingersoft.hcr3,com.dodreams.driveahead
com.fingersoft.hcr4,com.bestgame.climb
com.fingersoft.hcr5,com.tomatomobile.hillracingpvp
com.fingersoft.hcr6,com.city.drift.traffic
com.turbochilli.rollingsky,com.threematchdiamond.rollingballsky3d
com.turbochilli.rollingsky,com.kubogames.rollingball
com.turbochilli.rollingsky,com.js.ludo
com.turbochilli.rollingsky,com.ludo.king
com.turbochilli.rollingsky,com.PinballGame
com.bingo.tour.party.crazy.free,com.blackcircleapps.wonderlandbingo
com.bingo.tour.party.crazy.free,com.twelvegigs.heaven.bingo
com.bingo.tour.party.crazy.free,com.blackcircleapps.tropicalbingo
com.bingo.tour.party.crazy.free,com.blackcircleapps.halloweenbingo
com.bingo.tour.party.crazy.free,com.myGame.bingo
com.igg.castleclash,com.supercell.clashofclans
com.igg.castleclash,com.supercell.clashroyale
com.igg.castleclash,com.supercell.boombeach
com.igg.castleclash,com.igg.clashoflords2
com.igg.castleclash,com.igg.android.lordsmobile
com.king.candycrushsodasaga,com.king.candycrushsaga
com.king.candycrushsodasaga,com.king.farmheroessaga
com.king.candycrushsodasaga,com.king.petrescuesaga
com.king.candycrushsodasaga,com.gamoper.magiccandy.free
com.king.candycrushsodasaga,cookie.pop.match3
com.MobileSportsTime.MiniGolfEldoradoGolfCourse,com.com2us.golfstarworldtour.normal.freefull.google.global.android.common
com.MobileSportsTime.MiniGolfEldoradoGolfCourse,com.playdemic.golf.android
com.MobileSportsTime.MiniGolfEldoradoGolfCourse,com.wgt.android.golf
com.MobileSportsTime.MiniGolfEldoradoGolfCourse,com.ea.game.pgatourgolf15_row
com.MobileSportsTime.MiniGolfEldoradoGolfCourse,com.dmw.MiniGolf2
com.science.yarnapp,com.yowanda.creepypasta
com.science.yarnapp,com.ifaketextmessage.ifaketextmessage
com.science.yarnapp,com.goldenspoun.annie96typing
com.science.yarnapp,com.chatstoriesvideomaker.android
com.science.yarnapp,f.industries.fakemessages
com.deliveroo.orderapp,com.ubercab.eats
com.deliveroo.orderapp,com.justeat.app.uk
com.deliveroo.orderapp,com.hungryhouse
com.deliveroo.orderapp,com.global.foodpanda.android
com.deliveroo.orderapp,com.application.zomato
in.playsimple.wordtrip,com.bitmango.go.wordcookies
in.playsimple.wordtrip,de.lotum.whatsinthefoto.us
in.playsimple.wordtrip,com.wordgame.words.connect
in.playsimple.wordtrip,com.peoplefun.wordcross
in.playsimple.wordtrip,com.word.wordbakery
com.cmcm.live,sg.bigo.live
com.cmcm.live,com.zhiliaoapp.lively
com.cmcm.live,com.getapps.Livestreamchatwithpeople
com.cmcm.live,com.snapchat.android
com.cmcm.live,com.exutech.chacha
com.mobileiq.demand5,com.channel4.ondemand
com.mobileiq.demand5,air.ITVMobilePlayer
com.mobileiq.demand5,bbc.iplayer.android
com.mobileiq.demand5,uk.co.uktv.dave
com.mobileiq.demand5,com.netflix.mediaclient
com.mobileiq.demand5,com.bskyb.skygo
com.mobileiq.demand5,uk.co.bbc.iplayer.kids
com.mobileiq.demand5,com.itv.itvessentials
com.mobileiq.demand5,uk.co.freeview.android
com.mobileiq.demand5,com.bt.btsport
com.mobileiq.demand5,tv.stv.android.player
com.viber.voip,jp.naver.line.android
com.viber.voip,com.tencent.mm
com.viber.voip,com.skype.raider
com.viber.voip,org.telegram.messenger
com.viber.voip,com.truecaller
com.streema.simpleradio,com.radio.fmradio
com.streema.simpleradio,tunein.player
com.streema.simpleradio,com.devtoon.radiofm
com.streema.simpleradio,com.tasmanic.radio.fm
com.streema.simpleradio,de.radio.android
com.streema.simpleradio,com.appgeneration.itunerfree
com.streema.simpleradio,br.com.radios.radiosmobile.radiosnet
com.streema.simpleradio,com.fmindia.activities
com.streema.simpleradio,com.spotify.music
com.honeycomb.launcher,com.cma.launcher.lite
com.honeycomb.launcher,com.ksmobile.launcher
com.honeycomb.launcher,com.gau.go.launcherex
com.honeycomb.launcher,com.apusapps.launcher
com.honeycomb.launcher,com.hola.launcher
com.mttnow.droid.easyjet,com.ryanair.cheapflights
com.mttnow.droid.easyjet,net.skyscanner.android.main
com.mttnow.droid.easyjet,com.kayak.android
com.mttnow.droid.easyjet,com.jetradar
com.mttnow.droid.easyjet,com.mo2o.vueling
com.mttnow.droid.easyjet,com.wizzair.WizzAirApp
com.mttnow.droid.easyjet,com.airbnb.android
com.bigfishgames.cookingcrazegooglef2p,com.nordcurrent.canteenhd
com.bigfishgames.cookingcrazegooglef2p,air.com.gamegos.mobile.cookingtale
com.bigfishgames.cookingcrazegooglef2p,com.ministone.game.risingsuperchef2
com.bigfishgames.cookingcrazegooglef2p,com.outthinking.cookinggame
com.bigfishgames.cookingcrazegooglef2p,com.turner.wbb2016
com.gamecircus.tycoon,com.kongregate.mobile.adventurecapitalist.google
com.gamecircus.tycoon,com.gamehivecorp.tapmoney
com.gamecircus.tycoon,com.fluffyfairygames.idleminertycoon
com.gamecircus.tycoon,air.air.com.aceviral.millionairetobillionaire
com.gamecircus.tycoon,com.atari.mobile.rctc
com.paddypower.sportsbook.u.inhouse,com.ppsports.bcalculator
com.paddypower.sportsbook.u.inhouse,de.wp.bfeb17.app
com.paddypower.sportsbook.u.inhouse,com.bet365.news
com.paddypower.sportsbook.u.inhouse,com.cgsi.boylelive
com.paddypower.sportsbook.u.inhouse,net.feelgoodapps.betpredictor
com.amazon.mp3,com.shazam.android
com.amazon.mp3,com.zentertain.freemusic
com.amazon.mp3,com.soundcloud.android
com.amazon.mp3,com.apple.android.music
com.amazon.mp3,deezer.android.app
com.amazon.mp3,com.spotify.music
com.amazon.mp3,com.google.android.music
com.myvodafoneapp,com.mventus.selfcare.activity
com.myvodafoneapp,com.emeint.android.myservices
com.myvodafoneapp,it.vodafone.my190
com.myvodafoneapp,qa.vodafone.myvodafone
com.myvodafoneapp,com.appseleration.android.selfcare
com.linkedin.android,com.linkedin.android
com.linkedin.android,com.facebook.katana
com.linkedin.android,com.pinterest
com.linkedin.android,com.tumblr
com.linkedin.android,com.google.android.apps.plus
com.linkedin.android,com.vkontakte.android
com.linkedin.android,socil.netw.com
uk.co.bbc.android.iplayerradio,tunein.player
uk.co.bbc.android.iplayerradio,air.uk.co.bbc.android.mediaplayer
uk.co.bbc.android.iplayerradio,bbc.iplayer.android
uk.co.bbc.android.iplayerradio,uk.co.bbc.music
uk.co.bbc.android.iplayerradio,uk.co.radioplayer
uk.co.bbc.android.iplayerradio,com.radio.fmradio
uk.co.bbc.android.iplayerradio,radiotime.player
com.airbnb.android,com.booking
com.airbnb.android,com.trivago
com.airbnb.android,com.tripadvisor.tripadvisor
com.airbnb.android,com.expedia.bookings
com.airbnb.android,com.hotellook
com.airbnb.android,com.agoda.mobile.consumer
com.airbnb.android,com.google.android.apps.travel.onthego
com.airbnb.android,com.hcom.android
com.microsoft.office.word,com.infraware.office.link
com.microsoft.office.word,com.google.android.apps.docs.editors.docs
com.microsoft.office.word,com.microsoft.office.excel
com.microsoft.office.word,com.microsoft.office.officehub
com.microsoft.office.word,com.adobe.reader
com.microsoft.office.word,com.microsoft.office.powerpoint
com.microsoft.office.word,com.redcoolmedia.offistar
com.microsoft.office.word,com.microsoft.office.onenote
com.microsoft.office.word,cn.wps.moffice_eng
com.microsoft.office.word,com.google.android.apps.docs.editors.sheets
uk.co.autotrader.androidconsumersearch,com.autotraderuae.app
uk.co.autotrader.androidconsumersearch,com.autoscout24
uk.co.autotrader.androidconsumersearch,com.uk.buyusedcars
uk.co.autotrader.androidconsumersearch,com.hypnosstudios.mothistory
uk.co.autotrader.androidconsumersearch,com.ampsoft.mot
uk.co.autotrader.androidconsumersearch,com.nationalnumbers.nnjapp.android
uk.co.autotrader.androidconsumersearch,com.google.android.projection.gearhead
com.smule.singandroid,com.famousbluemedia.yokee
com.smule.singandroid,com.smule.magicpiano
com.smule.singandroid,com.smule.autorap
com.smule.singandroid,com.softbolt.redkaraoke
com.smule.singandroid,com.nexstreaming.app.singplay
uk.co.dominos.android,uk.co.papajohns.ppjqg
uk.co.dominos.android,com.starbucks.mobilecard
uk.co.dominos.android,com.discord
com.discord,com.teamspeak.ts3client
com.discord,com.skype.raider
com.discord,com.tencent.mm
com.discord,com.juphoon.justalk
com.discord,com.bploeg.tsv
com.discord,com.icq.mobile.client
com.discord,jp.co.quadsystem.skyphone
com.duolingo,air.com.rosettastone.mobile.CoursePlayer
com.duolingo,com.babbel.mobile.android.en
com.duolingo,com.quizlet.quizletandroid
com.duolingo,com.papumba.android.learnenglish
com.duolingo,com.david.android.languageswitch
com.duolingo,com.goethe.f50languages
org.mozilla.firefox,com.android.chrome
org.mozilla.firefox,com.android.chrome
org.mozilla.firefox,com.UCMobile.intl
org.mozilla.firefox,mobi.mgeek.TunnyBrowser
org.mozilla.firefox,org.mozilla.focus
org.mozilla.firefox,com.yo.browser
org.mozilla.firefox,nu.tommie.inbrowser
org.mozilla.firefox,com.cloudmosa.puffinFree
org.mozilla.firefox,org.mozilla.firefox_beta
org.mozilla.firefox,com.chrome.dev
org.mozilla.firefox,quick.browser.secure
org.mozilla.firefox,com.explore.web.browser
org.mozilla.firefox,com.cmcm.armorfly