financia,Flurry
barcodeqr,Scorecardresearch
trippy,Scorecardresearch
holidayfinder,Lastpass
holidayfinder,Bingads
holidayfinder,Crashlytics
Airbnb,Bingads
Airbnb,MSN
Airbnb,Lastpass
talking tom gold run,Superawesome
spotify,Mixpanel
spotify,Crashlytics
myfinances,Flurry
myfinances,Automattic
mobile strike,Hichina
mobile strike,Playxpert
bmitracker,Scorecardresearch
suntime,Crashlytics
plants vs zombies 2,Crashlytics
bodydiary,Flurry
nike fuelband,Crashlytics
sumz,Flurry
todolist,Scorecardresearch
grindr,Loopme
grindr,Localytics
grindr,App-Measurement
grindr,Crashlytics
grindr,Playxpert
Mi Fit,Tencent
travellio,App-Measurement
travellio,Flurry
travellio,travellio
travellio,Crashlytics
scanline,Lastpass
calctime,Crashlytics
postit,Flurry
postit,Automattic
9gag,Flurry
9gag,Crashlytics
weightcount,Lastpass
withings,Crashlytics
calculatorplus,App-Measurement
calculatorplus,Flurry
calculatorplus,Calculatorplus
calculatorplus,Crashlytics
national rail,Crashlytics
slither.io,Lowtechstudios
travelco,Scorecardresearch
listmaker,Scorecardresearch
Shpock boot,Flurry
Shpock boot,App-Measurement
Shpock boot,Finderly
Shpock boot,Crashlytics
Shpock boot,Yahoo-Usage
csr racing 2,Flurry
csr racing 2,Apsalar
csr racing 2,Verizon
csr racing 2,Yahoo-Usage
qrpal,Lastpass
qrpal,Bingads
qrpal,Crashlytics
moneywise,Scorecardresearch
pinterest,Crashlytics
pinterest,Pinterest
pinterest,App-Measurement
tourhelp,Flurry
tourhelp,Automattic
tube map,Flurry
walletwatch,Scorecardresearch
guardian,Scorecardresearch
guardian,App-Measurement
travelsave,Lastpass
reddit,reddit
budgetpal,Lastpass
codescan,Crashlytics
healthio,Crashlytics
mobilecalculator,Flurry
mobilecalculator,Automattic
ryanair,Crashlytics
citymapper,Mixpanel
citymapper,Citymapper
citymapper,Flurry
citymapper,App-Measurement
citymapper,Crashlytics
S Memo,samsunghealth
bestcalculator,Lastpass
smartsum,Lastpass
smartsum,Bingads
smartsum,Crashlytics
uber,App-Measurement
uber,Crashlytics
piano tiles 2,Hichina
piano tiles 2,Tencent
piano tiles 2,Lastpass
piano tiles 2,Alibaba
bbc weather,Scorecardresearch
Disney Emoji Blitz,Playxpert
Disney Emoji Blitz,Scorecardresearch
scanit,Flurry
weather,Weathercompany
calky,Scorecardresearch
moneymanager,Lastpass
moneymanager,Bingads
moneymanager,Crashlytics
dattch,Mixpanel
dattch,Crashlytics
evernote,evernote
evernote,App-Measurement
my talking tom,Scorecardresearch
yonote,Bingads
yonote,Lastpass
yonote,Crashlytics
notely,Flurry
the higher lower game,App-Measurement
the higher lower game,Crashlytics
qrchecker,Scorecardresearch
runkeeper,Crashlytics
runkeeper,runkeeper
runkeeper,Localytics
mybmi,App-Measurement
mybmi,Flurry
mybmi,Calculatorplus
mybmi,Crashlytics
listy,App-Measurement
listy,Flurry
listy,listy
listy,Crashlytics
the national lottery,National-Lottery
the national lottery,Lastpass
paypal,Crashlytics
hotukdeals,Crashlytics
endomondo,Flurry
monopoly,Playxpert
monopoly,Localytics
hsbc,Webtrends
ebay,Crashlytics
musical.ly,Hichina
musical.ly,Crashlytics
healthdiary,Lastpass
healthdiary,Bingads
healthdiary,Crashlytics
scriber,Lastpass
mathbot,Scorecardresearch
fitbit,Mixpanel
mint,Crashlytics
mint,Mixpanel
spendtracker,Crashlytics
clear day,Flurry
minit,Crashlytics
TripAdvisor,Lastpass
TripAdvisor,Bingads
TripAdvisor,Crashlytics
spendwise,App-Measurement
spendwise,Flurry
spendwise,SpendWise
spendwise,Crashlytics
hotellio,Flurry
healthpal,Flurry
healthpal,Automattic
health mate,Crashlytics
health mate,Withings
Subway surfers,Flurry
Subway surfers,Verizon
Subway surfers,Crashlytics
Subway surfers,Yahoo-Usage
qrfinder,Flurry
qrfinder,Automattic
untapped,Flurry
untapped,Untappd
untapped,Automattic
fitnessdiary,Scorecardresearch
qright,App-Measurement
qright,Flurry
qright,qright
qright,Crashlytics
shpock,Flurry
shpock,Yahoo-Usage
shpock,Finderly
shpock,App-Measurement
shpock,Crashlytics
